{
    "$schema": "https://schema.management.azure.com/schemas/2015-01-01/deploymentParameters.json#",
    "contentVersion": "1.0.0.0",
    "parameters": {
        "name": {
            "value": "apim-devopstest-rs"
        },
        "location": {
            "value": "uksouth"
        },
        "adminEmail": {
            "value": "rusmith@microsoft.com"
        },
        "orgName": {
            "value": "IPO Test"
        },
        "tier": {
            "value": "Developer"
        },
        "capacity": {
            "value": 1
        }
    }
}