{
    "$schema": "http://schema.management.azure.com/schemas/2014-04-01-preview/deploymentTemplate.json#",
    "contentVersion": "1.0.0.0",
    "parameters": {
        "name": {
            "type": "string"
        },
        "location": {
            "type": "string"
        },
        "adminEmail": {
            "type": "string"
        },
        "orgName": {
            "type": "string"
        },
        "tier": {
            "type": "string"
        },
        "capacity": {
            "type": "int"
        }
    },
    "resources": [
        {
            "apiVersion": "2018-06-01-preview",
            "name": "[parameters('name')]",
            "location": "[parameters('location')]",
            "type": "Microsoft.ApiManagement/service",
            "sku": {
                "name": "[parameters('tier')]",
                "capacity": "[parameters('capacity')]"
            },
            "properties": {
                "publisherEmail": "[parameters('adminEmail')]",
                "publisherName": "[parameters('orgName')]"
            }
        }
    ]
}